Gender,Data
0,Gözlerin yıldızlar gibi parlıyor. 
1,Gülüşün herkesi büyülemeye yetiyor. 
0,Karizmanı her ortamda konuşturuyorsun. 
1,Sıcaklığınla herkesi etkisi altına alıyorsun. 
0,Her durumda kendine güveninle ilham kaynağısın. 
1,Bakışlarınla insanların gününü aydınlatıyorsun. 
0,Kendine has tarzın herkesi etkiliyor. 
1,Dünya güzeli bir insansın içtenlik ve güzelliğinle.
0,Her sorunun üstesinden gelirken çok güçlüsün. 
1,Samimiyetin ve zarifliğinle büyüleniyorum. 
0,Esprilerinle herkesi güldürüyorsun. 
1,Samimiyetin ve içtenliğinle herkesin gönlünü kazanıyorsun. 
0,Kendine olan özgüvenin çok etkileyici. 
1,Herkes senin gibi içten ve tatlı olmalı. 
0,Her zaman pozitif enerji saçıyorsun. 
1,Senin gibi güzel insanlar dünyayı daha güzel yapıyor. 
0,Bakışlarınla büyülenmemek imkansız. 
1,Kendine olan özgüvenin ve güzelliğin büyüleyici. 
0,Herkes senin gibi olmaya çalışıyor. 
1,Bakışlarınla insanları büyülüyorsun. 
0,Sıcakkanlılığın ve neşenle herkesi etkiliyorsun. 
1,Samimiyetinle insanların güvenini kazanıyorsun. 
0,Karizmatik tavırlarınla herkesi etkiliyorsun. 
1,Gülüşünle herkesi mutlu ediyorsun. 
0,Sohbetinle herkesi kendine çekiyorsun. 
1,Dünya güzeli bir kadınsın iç ve dış güzelliğinle.
0,Kendine olan inancınla herkesi motive ediyorsun. 
1,Kendine güvenin ve pozitif enerjin çok etkileyici. 
0,Bakışlarınla herkesi büyülüyorsun. 
1,Sıcakkanlılığın ve sevecenliğin çok etkileyici. 
0,Samimiyetin ve içtenliğinle insanları etkiliyorsun. 
1,Kendine has tarzın ve güzelliğin büyüleyici. 
0,Her durumda kibar ve nazik olman çok özel. 
1,Kendine olan özgüveninle herkesi büyülüyorsun. 
0,Gülüşün herkesi mutlu ediyor. 
1,Sıcakkanlılığın ve zarifliğinle herkesi büyülüyorsun. 
0,Kendine olan inancın ve güçlü duruşun çok etkileyici. 
1,Bakışlarınla insanların gönlünü kazanıyorsun. 
0,Samimiyetinle herkesin sevgisini kazanıyorsun. 
1,Kendine güvenin ve çekiciliğin çok etkileyici. 
0,Karizmanla herkesi büyülüyorsun. 
1,Güzel enerjin ve sevecen tavırların herkesi etkiliyor. 
0,Kendine olan özgüvenin ve neşen çok etkileyici. 
1,Samimiyetin ve içtenliğinle herkesin kalbini kazanıyorsun. 
0,Güçlü ve başarılı birisin herkesin ilham kaynağısın.
1,Güzelliğin ve zarifliğinle büyülüyorsun. 
0,Her zaman yardımsever ve cömert olman çok kıymetli. 
1,Kendine güvenin ve pozitif enerjin çok büyüleyici. 
0,Sohbetinle herkesin dikkatini çekiyorsun. 
1,Gülüşünle herkesin gününü aydınlatıyorsun. 
0,Kendine olan özgüveninle daima etkileyicisin. 
1,Gözlerinle büyülenmemek imkansız. 
0,Samimiyetin ve içtenliğinle herkesi kendine çekiyorsun. 
1,Sohbetinle herkesin ilgisini çekiyorsun. 
0,Gülüşünle etrafındaki herkesi mutlu ediyorsun. 
1,Kendine has tarzın ve zarifliğin herkesi büyülüyor. 
0,Bakışlarınla insanların gönlünü kazanıyorsun. 
1,Sıcakkanlı tavırlarınla herkesi etkiliyorsun. 
0,Her zaman dost canlısı ve yardımseversin. 
1,İçtenliğin ve pozitif enerjinle herkesi etkiliyorsun. 
0,Kendine olan inancın ve neşen herkesi etkiliyor. 
1,Güzel gülüşünle herkesi büyüleyen birisin. 
0,Sohbetinle herkesin gününü aydınlatıyorsun. 
1,Kendine olan özgüvenin ve çekiciliğin büyüleyici. 
0,Güçlü ve kararlı duruşun herkesi etkiliyor. 
1,Sıcakkanlı tavırlarınla insanları etkiliyorsun. 
0,Karizman ve liderlik yeteneklerin herkesi büyülüyor. 
1,İçtenlik ve samimiyetinle herkesin takdirini kazanıyorsun. 
0,Güçlü karakterin ve kararlılığın herkesi etkiliyor. 
1,Kendine olan özgüvenin ve pozitif enerjin çok etkileyici. 
0,Her zaman iyimser ve pozitif birisin. 
1,Güzel enerjinle herkesi etkiliyorsun. 
0,Kendine güvenin ve cesaretin çok etkileyici. 
1,Samimiyetin ve içtenliğinle insanların kalbini kazanıyorsun. 
0,Kendine has tarzınla herkesi etkiliyorsun. 
1,Güzel gülüşünle insanları büyülüyorsun. 
0,Bakışlarınla herkesi etkiliyorsun. 
1,Her zaman güzel ve zarif bir kadınsın. 
0,Sohbetinle herkesin dikkatini çekiyorsun. 
1,Kendine olan özgüvenin ve zarifliğin çok etkileyici. 
0,Karizmatik tavırlarınla herkesi büyülüyorsun. 
1,Güzel enerjin ve pozitif tavırların çok özel. 
0,Kendine olan inancınla herkesi etkiliyorsun. 
1,Her zaman tatlı ve sevecensin. 
0,Samimiyetin ve içtenliğinle herkesin takdirini kazanıyorsun. 
1,Kendine güveninle herkesi etkiliyorsun. 
0,Esprilerinle herkesi güldürüyorsun. 
1,Sıcakkanlı tavırlarınla herkesi mutlu ediyorsun. 
0,Kendine has tarzınla herkesi büyülüyorsun. 
1,Gözlerinle etrafındaki herkesi büyülüyorsun. 
0,Sohbetinle herkesin gönlünü kazanıyorsun. 
1,Her zaman pozitif enerji saçıyorsun. 
0,Kendine olan özgüvenin ve cesaretin çok özel. 
1,Sıcakkanlılığın ve zarifliğin herkesi etkiliyor. 
0,Bakışlarınla insanların kalbini kazanıyorsun. 
1,Kendine has tarzın ve güzelliğin çok etkileyici. 
0,Güçlü karakterinle herkesi etkiliyorsun. 
1,Samimiyetin ve içtenliğinle herkesin gönlünü kazanıyorsun. 
0,Karizman ve liderlik yeteneklerin herkesi büyülüyor. 
1,Kendine güvenin ve çekiciliğin büyüleyici. 
0,Her durumda kendine olan saygın çok etkileyici. 
1,Bakışlarınla insanların gönlünü kazanıyorsun. 
0,Samimiyetin ve içtenliğinle herkesin sevgisini kazanıyorsun. 
1,Kendine has tarzın ve zarifliğin çok etkileyici. 
0,Güçlü ve kararlı duruşun herkesi etkiliyor. 
1,Sıcakkanlı tavırlarınla insanları etkiliyorsun. 
0,Karizman ve liderlik yeteneklerin herkesi büyülüyor. 
1,İçtenlik ve samimiyetinle herkesin takdirini kazanıyorsun. 
0,Güçlü karakterin ve kararlılığın herkesi etkiliyor. 
1,Kendine olan özgüvenin ve pozitif enerjin çok etkileyici. 
0,Her zaman iyimser ve pozitif birisin. 
1,Güzel enerjinle herkesi etkiliyorsun. 
0,Kendine güvenin ve cesaretin çok etkileyici. 
1,Samimiyetin ve içtenliğinle insanların kalbini kazanıyorsun. 
0,Kendine has tarzınla herkesi etkiliyorsun. 
1,Güzel gülüşünle insanları büyülüyorsun. 
0,Bakışlarınla herkesi etkiliyorsun. 
1,Her zaman güzel ve zarif bir kadınsın. 
0,Sohbetinle herkesin dikkatini çekiyorsun. 
1,Kendine olan özgüvenin ve zarifliğin çok etkileyici. 
0,Karizmatik tavırlarınla herkesi büyülüyorsun. 
1,Güzel enerjin ve pozitif tavırların çok özel. 
0,Kendine olan inancınla herkesi etkiliyorsun. 
1,Her zaman tatlı ve sevecensin. 
0,Samimiyetin ve içtenliğinle herkesin takdirini kazanıyorsun. 
1,Kendine güveninle herkesi etkiliyorsun. 
0,Esprilerinle herkesi güldürüyorsun. 
1,Sıcakkanlı tavırlarınla herkesi mutlu ediyorsun. 
0,Kendine has tarzınla herkesi büyülüyorsun. 
1,Gözlerinle etrafındaki herkesi büyülüyorsun. 
0,Sohbetinle herkesin gönünü kazanıyorsun. 
1,Her zaman pozitif enerji saçıyorsun. 
0,Kendine olan özgüvenin ve cesaretin çok özel. 
1,Sıcakkanlılığın ve zarifliğin herkesi etkiliyor. 
0,Bakışlarınla insanların kalbini kazanıyorsun. 
1,Kendine has tarzın ve güzelliğin çok etkileyici. 
0,Güçlü karakterinle herkesi etkiliyorsun. 
1,Samimiyetin ve içtenliğinle herkesin gönül kazanıyorsun. 
0,Karizman ve liderlik yeteneklerin herkesi büyülüyor. 
1,Kendine güvenin ve çekiciliğin büyüleyici. 
0,Her zaman kibar ve nazik olman çok özel. 
1,Kendine olan özgüvenin ve neşen çok etkileyici. 
0,Samimiyetin ve içtenliğinle herkesin gönül kazanıyorsun. 
1,Kendine güvenin ve pozitif enerjin çok büyüleyici. 
0,Esprilerinle herkesi güldürüyorsun. 
1,Sıcakkanlı tavırlarınla herkesi mutlu ediyorsun. 
0,Kendine has tarzınla herkesi büyülüyorsun. 
1,Gözlerinle insanları etkiliyorsun. 
0,Sohbetinle herkesin dikkatini çekiyorsun. 
1,Kendine olan özgüvenin ve zarifliğin çok etkileyici. 
0,Güzel enerjin ve pozitif tavırların herkesi etkiliyor. 
1,Kendine güveninle etrafındaki herkesi büyülüyorsun. 
0,Karizmatik tavırlarınla daima dikkat çekiyorsun. 
1,Samimiyetin ve içtenliğinle herkesin gönül kazanıyorsun. 
0,Kendine has tarzınla herkesi etkiliyorsun. 
1,Esprilerinle herkesi güldürüyorsun. 
0,Sıcakkanlı tavırlarınla insanların gününü aydınlatıyorsun. 
1,Güçlü karakterin ve kararlılığın herkesi etkiliyor. 
0,Samimiyetin ve içtenliğinle herkesin sevgisini kazanıyorsun. 
1,Kendine güvenin ve çekiciliğin büyüleyici. 
0,Her zaman neşeli ve enerjiksin. 
1,Samimiyetin ve içtenliğinle insanların kalbini kazanıyorsun. 
0,Kendine has tarzınla herkesi büyülüyorsun. 
1,Güzel gülüşünle insanları etkiliyorsun. 
0,Bakışlarınla insanların gönlünü kazanıyorsun. 
1,Her zaman zarif ve inceliklisin. 
0,Sohbetinle herkesin dikkatini çekiyorsun. 
1,Kendine olan özgüvenin ve zarifliğin çok etkileyici. 
0,Karizmatik tavırlarınla herkesi büyülüyorsun. 
1,İçtenlik ve pozitif enerjinle herkesin gönlünü kazanıyorsun. 
0,Kendine güvenin ve cesaretin çok etkileyici. 
1,Bakışlarınla etrafındaki herkesi büyülüyorsun. 
0,Her zaman tatlı ve sevecensin. 
1,Sıcakkanlı tavırlarınla herkesi mutlu ediyorsun. 
0,Kendine has tarzın ve güzelliğin çok özel. 
1,Gözlerinle etrafındaki herkesi büyülüyorsun. 
0,Samimiyetin ve içtenliğinle herkesin takdirini kazanıyorsun. 
1,Kendine güveninle herkesi etkiliyorsun. 
0,Esprilerinle herkesi güldürüyorsun. 
1,Güzel enerjin ve pozitif tavırların herkesi etkiliyor. 
0,Kendine olan inancın ve neşen çok etkileyici. 
1,Sıcakkanlı tavırlarınla insanları etkiliyorsun. 
0,Karizman ve liderlik yeteneklerin herkesi büyülüyor. 
1,İçtenlik ve samimiyetinle herkesin takdirini kazanıyorsun. 
0,Güçlü karakterin ve kararlılığın herkesi etkiliyor. 
1,Kendine güvenin ve pozitif enerjin çok etkileyici. 
0,Her zaman iyimser ve pozitif birisin. 
1,Güzel enerjinle herkesi etkiliyorsun. 
0,Kendine güvenin ve cesaretin çok etkileyici. 
1,Samimiyetin ve içtenliğinle insanların kalbini kazanıyorsun. 
0,Kendine has tarzınla herkesi etkiliyorsun. 
1,Güzel gülüşünle insanları büyülüyorsun. 
0,Bakışlarınla herkesi etkiliyorsun. 
1,Her zaman güzel ve zarif bir kadınsın. 
0,Sohbetinle herkesin dikkatini çekiyorsun. 
1,Kendine olan özgüvenin ve zarifliğin çok etkileyici. 
0,Karizmatik tavırlarınla herkesi büyülüyorsun. 
1,Güzel enerjin ve pozitif tavırların çok özel. 
0,Kendine olan inancınla herkesi etkiliyorsun. 
1,Her zaman tatlı ve sevecensin. 
0,Güzel enerjin ve pozitif tavırların herkesi etkiliyor. 
1,Kendine güveninle etrafındaki herkesi büyülüyorsun. 
0,Karizmatik tavırlarınla daima dikkat çekiyorsun. 
1,Samimiyetin ve içtenliğinle herkesin gönül kazanıyorsun. 
0,Kendine has tarzınla herkesi etkiliyorsun. 
1,Esprilerinle herkesi güldürüyorsun. 
0,Sıcakkanlı tavırlarınla insanların gününü aydınlatıyorsun. 
1,Güçlü karakterin ve kararlılığın herkesi etkiliyor. 
0,Samimiyetin ve içtenliğinle herkesin sevgisini kazanıyorsun. 
1,Kendine güvenin ve çekiciliğin büyüleyici. 
0,Her zaman neşeli ve enerjiksin. 
1,Samimiyetin ve içtenliğinle herkesin gönül kazanıyorsun. 
0,Kendine has tarzınla herkesi büyülüyorsun. 
1,Güzel gülüşünle insanları etkiliyorsun. 
0,Bakışlarınla insanların gönlünü kazanıyorsun. 
1,Her zaman zarif ve inceliklisin. 
0,Sohbetinle herkesin dikkatini çekiyorsun. 
1,Kendine olan özgüvenin ve zarifliğin çok etkileyici. 
0,Karizmatik tavırlarınla herkesi büyülüyorsun. 
1,İçtenlik ve pozitif enerjinle herkesin gönülünü kazanıyorsun. 
0,Kendine güvenin ve cesaretin çok etkileyici. 
1,Bakışlarınla etrafındaki herkesi büyülüyorsun. 
0,Her zaman tatlı ve sevecensin. 
1,Sıcakkanlı tavırlarınla herkesi mutlu ediyorsun. 
0,Kendine has tarzın ve güzelliğin çok özel. 
1,Gözlerinle etrafındaki herkesi büyülüyorsun. 
0,Samimiyetin ve içtenliğinle herkesin takdirini kazanıyorsun. 
1,Kendine güveninle herkesi etkiliyorsun. 
0,Esprilerinle herkesi güldürüyorsun. 
1,Güzel enerjin ve pozitif tavırların herkesi etkiliyor. 
0,Kendine olan inancın ve neşen çok etkileyici. 
1,Sıcakkanlı tavırlarınla insanları etkiliyorsun. 
0,Karizman ve liderlik yeteneklerin herkesi büyülüyor. 
1,İçtenlik ve samimiyetinle herkesin takdirini kazanıyorsun. 
0,Güçlü karakterin ve kararlılığın herkesi etkiliyor. 
1,Kendine güvenin ve pozitif enerjin çok etkileyici. 
0,Her zaman iyimser ve pozitif birisin. 
1,Güzel enerjinle herkesi etkiliyorsun. 
0,Kendine güvenin ve cesaretin çok etkileyici. 
1,Samimiyetin ve içtenliğinle insanların kalbini kazanıyorsun. 
0,Kendine has tarzınla herkesi etkiliyorsun. 
1,Güzel gülüşünle insanları büyülüyorsun. 
0,Bakışlarınla herkesi etkiliyorsun. 
1,Her zaman güzel ve zarif bir kadınsın. 
0,Sohbetinle herkesin dikkatini çekiyorsun. 
1,Kendine olan özgüvenin ve zarifliğin çok etkileyici. 
0,Karizmatik tavırlarınla herkesi büyülüyorsun. 
1,Güzel enerjin ve pozitif tavırların çok özel. 
0,Kendine olan inancınla herkesi etkiliyorsun. 
1,Her zaman tatlı ve sevecensin. 
0,Samimiyetin ve içtenliğinle herkesin takdirini kazanıyorsun. 
1,Kendine güveninle herkesi etkiliyorsun. 
0,Esprilerinle herkesi güldürüyorsun. 
1,Sıcakkanlı tavırlarınla herkesi mutlu ediyorsun. 
0,Kendine has tarzınla herkesi büyülüyorsun. 
1,Gözlerinle etrafındaki herkesi büyülüyorsun. 
0,Sohbetinle herkesin gönülünü kazanıyorsun. 
1,Her zaman pozitif enerji saçıyorsun. 
0,Kendine olan özgüvenin ve cesaretin çok özel. 
1,Sıcakkanlılığın ve zarifliğin herkesi etkiliyor. 
0,Bakışlarınla insanların kalbini kazanıyorsun. 
1,Kendine has tarzın ve güzelliğin çok etkileyici. 
0,Güçlü karakterinle herkesi etkiliyorsun. 
1,Samimiyetin ve içtenliğinle herkesin gönül kazanıyorsun. 
0,Karizman ve liderlik yeteneklerin herkesi büyülüyor. 
1,Kendine güvenin ve çekiciliğin büyüleyici. 
0,Her zaman kibar ve nazik olman çok özel. 
1,Kendine olan özgüvenin ve neşen çok etkileyici. 
0,Samimiyetin ve içtenliğinle herkesin gönül kazanıyorsun. 
1,Kendine güvenin ve pozitif enerjin çok büyüleyici. 
0,Esprilerinle herkesi güldürüyorsun. 
1,Sıcakkanlı tavırlarınla herkesi mutlu ediyorsun. 
0,Kendine has tarzınla herkesi büyülüyorsun. 
1,Gözlerinle etrafındaki herkesi büyülüyorsun. 
0,Sohbetinle herkesin gönülünü kazanıyorsun. 
1,Her zaman pozitif enerji saçıyorsun. 
0,Kendine olan özgüvenin ve cesaretin çok özel. 
1,Sıcakkanlılığın ve zarifliğin herkesi etkiliyor. 
0,Bakışlarınla insanların kalbini kazanıyorsun. 
1,Kendine has tarzın ve güzelliğin çok etkileyici. 
0,Güçlü karakterinle herkesi etkiliyorsun. 
1,Samimiyetin ve içtenliğinle herkesin takdirini kazanıyorsun. 
0,Karizman ve liderlik yeteneklerin herkesi büyülüyor. 
1,Kendine güvenin ve çekiciliğin büyüleyici. 
0,Kararlılığın ve azmin herkesi etkiliyor. 
1,Samimiyetin ve içtenliğinle herkesin gönül kazanıyorsun. 
0,Kendine has tarzınla herkesi etkiliyorsun. 
1,Güzel gülüşünle insanları etkiliyorsun. 
0,Bakışlarınla insanların gönlünü kazanıyorsun. 
1,Her zaman zarif ve inceliklisin. 
0,Sohbetinle herkesin dikkatini çekiyorsun. 
1,Kendine olan özgüvenin ve zarifliğin çok etkileyici. 
0,Karizmatik tavırlarınla herkesi büyülüyorsun. 
1,Güzel enerjin ve pozitif tavırların çok özel. 
0,Kendine olan inancınla herkesi etkiliyorsun. 
1,Her zaman tatlı ve sevecensin. 
0,Samimiyetin ve içtenliğinle herkesin takdirini kazanıyorsun. 
1,Kendine güveninle herkesi etkiliyorsun. 
0,Esprilerinle herkesi güldürüyorsun. 
1,Sıcakkanlı tavırlarınla herkesi mutlu ediyorsun. 
0,Kendine olan özgüvenin ve cesaretin çok etkileyici. 
1,Bakışlarınla etrafındaki herkesi büyülüyorsun. 
0,Her zaman tatlı ve sevecensin. 
1,Sıcakkanlı tavırlarınla herkesi mutlu ediyorsun. 
0,Kendine has tarzın ve güzelliğin çok özel. 
1,Gözlerinle etrafındaki herkesi büyülüyorsun. 
0,Samimiyetin ve içtenliğinle herkesin takdirini kazanıyorsun. 
1,Kendine güveninle herkesi etkiliyorsun. 
0,Esprilerinle herkesi güldürüyorsun. 
1,Güzel enerjin ve pozitif tavırların herkesi etkiliyor. 
0,Kendine olan inancın ve neşen çok etkileyici. 
1,Sıcakkanlı tavırlarınla insanları etkiliyorsun. 
0,Karizman ve liderlik yeteneklerin herkesi büyülüyor. 
1,İçtenlik ve samimiyetinle herkesin takdirini kazanıyorsun. 
0,Güçlü karakterin ve kararlılığın herkesi etkiliyor. 
1,Kendine güvenin ve pozitif enerjin çok etkileyici. 
0,Her zaman iyimser ve pozitif birisin. 
1,Güzel enerjinle herkesi etkiliyorsun. 
0,Kendine güvenin ve cesaretin çok etkileyici. 
1,Samimiyetin ve içtenliğinle insanların kalbini kazanıyorsun. 
0,Kendine has tarzınla herkesi etkiliyorsun. 
1,Güzel gülüşünle insanları büyülüyorsun. 
0,Bakışlarınla herkesi etkiliyorsun. 
1,Her zaman güzel ve zarif bir kadınsın. 
0,Sohbetinle herkesin dikkatini çekiyorsun. 
1,Kendine olan özgüvenin ve zarifliğin çok etkileyici. 
0,Karizmatik tavırlarınla herkesi büyülüyorsun. 
1,Güzel enerjin ve pozitif tavırların çok özel. 
0,Kendine olan inancınla herkesi etkiliyorsun. 
1,Her zaman tatlı ve sevecensin. 
0,Samimiyetin ve içtenliğinle herkesin takdirini kazanıyorsun. 
1,Kendine güveninle herkesi etkiliyorsun. 
0,Esprilerinle herkesi güldürüyorsun. 
1,Sıcakkanlı tavırlarınla herkesi mutlu ediyorsun. 
0,Kendine has tarzınla herkesi büyülüyorsun. 
1,Gözlerinle etrafındaki herkesi büyülüyorsun. 
0,Sohbetinle herkesin gönülünü kazanıyorsun. 
1,Her zaman pozitif enerji saçıyorsun. 
0,Kendine olan özgüvenin ve cesaretin çok özel. 
1,Sıcakkanlılığın ve zarifliğin herkesi etkiliyor. 
0,Bakışlarınla insanların kalbini kazanıyorsun. 
1,Kendine has tarzın ve güzelliğin çok etkileyici. 
0,Güçlü karakterinle herkesi etkiliyorsun. 
1,Samimiyetin ve içtenliğinle herkesin gönül kazanıyorsun. 
0,Karizman ve liderlik yeteneklerin herkesi büyülüyor. 
1,Kendine güvenin ve çekiciliğin büyüleyici. 
0,Kararlılığın ve azmin herkesi etkiliyor. 
1,Samimiyetin ve içtenliğinle herkesin gönül kazanıyorsun. 
0,Kendine has tarzınla herkesi etkiliyorsun. 
1,Güzel gülüşünle insanları etkiliyorsun. 
0,Bakışlarınla insanların gönlünü kazanıyorsun. 
1,Her zaman zarif ve inceliklisin. 
0,Sohbetinle herkesin dikkatini çekiyorsun. 
1,Kendine olan özgüvenin ve zarifliğin çok etkileyici. 
0,Karizmatik tavırlarınla herkesi büyülüyorsun. 
1,Güzel enerjin ve pozitif tavırların çok özel. 
0,Kendine olan inancınla herkesi etkiliyorsun. 
1,Her zaman tatlı ve sevecensin. 
0,Samimiyetin ve içtenliğinle herkesin takdirini kazanıyorsun. 
1,Kendine güveninle herkesi etkiliyorsun. 
0,Esprilerinle herkesi güldürüyorsun. 
1,Sıcakkanlı tavırlarınla herkesi mutlu ediyorsun. 
0,Kendine has tarzınla herkesi büyülüyorsun. 
1,Gözlerinle etrafındaki herkesi büyülüyorsun. 
0,Sohbetinle herkesin gönülünü kazanıyorsun. 
1,Her zaman pozitif enerji saçıyorsun. 
0,Kendine olan özgüvenin ve cesaretin çok özel. 
1,Sıcakkanlılığın ve zarifliğin herkesi etkiliyor. 
0,Bakışlarınla insanların kalbini kazanıyorsun. 
1,Kendine has tarzın ve güzelliğin çok etkileyici. 
0,Güçlü karakterinle herkesi etkiliyorsun. 
1,Samimiyetin ve içtenliğinle herkesin gönül kazanıyorsun. 
0,Karizman ve liderlik yeteneklerin herkesi büyülüyor. 
1,Kendine güvenin ve çekiciliğin büyüleyici. 
0,Kararlılığın ve azmin herkesi etkiliyor. 
1,Samimiyetin ve içtenliğinle herkesin gönül kazanıyorsun. 
0,Kendine has tarzınla herkesi etkiliyorsun. 
1,Güzel gülüşünle insanları etkiliyorsun. 
0,Bakışlarınla insanların gönlünü kazanıyorsun. 
1,Her zaman zarif ve inceliklisin. 
0,Sohbetinle herkesin dikkatini çekiyorsun. 
1,Kendine olan özgüvenin ve zarifliğin çok etkileyici. 
0,Karizmatik tavırlarınla herkesi büyülüyorsun. 
1,Güzel enerjin ve pozitif tavırların çok özel. 
0,Kendine olan inancınla herkesi etkiliyorsun. 
1,Her zaman tatlı ve sevecensin. 
0,Samimiyetin ve içtenliğinle herkesin takdirini kazanıyorsun. 
1,Kendine güveninle herkesi etkiliyorsun. 
0,Esprilerinle herkesi güldürüyorsun. 
1,Sıcakkanlı tavırlarınla herkesi mutlu ediyorsun. 
0,Kendine has tarzınla herkesi büyülüyorsun. 
1,Gözlerinle etrafındaki herkesi büyülüyorsun. 
0,Sohbetinle herkesin gönülünü kazanıyorsun. 
1,Her zaman pozitif enerji saçıyorsun. 
0,Kendine olan özgüvenin ve cesaretin çok özel. 
1,Sıcakkanlılığın ve zarifliğin herkesi etkiliyor. 
0,Bakışlarınla insanların kalbini kazanıyorsun. 
1,Kendine has tarzın ve güzelliğin çok etkileyici. 
0,Güçlü karakterinle herkesi etkiliyorsun. 
1,Samimiyetin ve içtenliğinle herkesin gönül kazanıyorsun. 
0,Karizman ve liderlik yeteneklerin herkesi büyülüyor. 
1,Kendine güvenin ve çekiciliğin büyüleyici. 
0,Kararlılığın ve azmin herkesi etkiliyor. 
1,Samimiyetin ve içtenliğinle herkesin gönül kazanıyorsun. 
0,Kendine has tarzınla herkesi etkiliyorsun. 
1,Güzel gülüşünle insanları etkiliyorsun. 
0,Bakışlarınla insanların gönlünü kazanıyorsun. 
1,Her zaman zarif ve inceliklisin. 
0,Sohbetinle herkesin dikkatini çekiyorsun. 
1,Kendine olan özgüvenin ve zarifliğin çok etkileyici. 
0,Karizmatik tavırlarınla herkesi büyülüyorsun. 
1,Güzel enerjin ve pozitif tavırların çok özel. 
0,Kendine olan inancınla herkesi etkiliyorsun. 
1,Her zaman tatlı ve sevecensin. 
0,Samimiyetin ve içtenliğinle herkesin takdirini kazanıyorsun. 
1,Kendine güveninle herkesi etkiliyorsun. 
0,Esprilerinle herkesi güldürüyorsun. 
1,Sıcakkanlı tavırlarınla herkesi mutlu ediyorsun. 
0,Kendine has tarzınla herkesi büyülüyorsun. 
1,Gözlerinle etrafındaki herkesi büyülüyorsun. 
0,Sohbetinle herkesin gönülünü kazanıyorsun. 
1,Her zaman pozitif enerji saçıyorsun. 
0,Kendine olan özgüvenin ve cesaretin çok özel. 
1,Sıcakkanlılığın ve zarifliğin herkesi etkiliyor. 
0,Bakışlarınla insanların kalbini kazanıyorsun. 
1,Kendine has tarzın ve güzelliğin çok etkileyici. 
0,Güçlü karakterinle herkesi etkiliyorsun. 
1,Samimiyetin ve içtenliğinle herkesin gönül kazanıyorsun. 
0,Karizman ve liderlik yeteneklerin herkesi büyülüyor. 
1,Kendine güvenin ve çekiciliğin büyüleyici. 
0,Kararlılığın ve azmin herkesi etkiliyor. 
1,Samimiyetin ve içtenliğinle herkesin gönül kazanıyorsun. 
0,Kendine has tarzınla herkesi etkiliyorsun. 
1,Güzel gülüşünle insanları etkiliyorsun. 
0,Bakışlarınla insanların gönlünü kazanıyorsun. 
1,Her zaman zarif ve inceliklisin. 
0,Sohbetinle herkesin dikkatini çekiyorsun. 
1,Kendine olan özgüvenin ve zarifliğin çok etkileyici. 
0,Karizmatik tavırlarınla herkesi büyülüyorsun. 
1,Güzel enerjin ve pozitif tavırların çok özel. 
0,Kendine olan inancınla herkesi etkiliyorsun. 
1,Her zaman tatlı ve sevecensin. 
0,Samimiyetin ve içtenliğinle herkesin takdirini kazanıyorsun. 
1,Kendine güveninle herkesi etkiliyorsun. 
0,Esprilerinle herkesi güldürüyorsun. 
1,Sıcakkanlı tavırlarınla herkesi mutlu ediyorsun. 
0,Kendine has tarzınla herkesi büyülüyorsun. 
1,Gözlerinle etrafındaki herkesi büyülüyorsun. 
0,Sohbetinle herkesin gönülünü kazanıyorsun. 
1,Her zaman pozitif enerji saçıyorsun. 
0,Kendine olan özgüvenin ve cesaretin çok özel. 
1,Sıcakkanlılığın ve zarifliğin herkesi etkiliyor. 
0,Bakışlarınla insanların kalbini kazanıyorsun. 
1,Kendine has tarzın ve güzelliğin çok etkileyici. 
0,Güçlü karakterinle herkesi etkiliyorsun. 
1,Samimiyetin ve içtenliğinle herkesin gönül kazanıyorsun. 
0,Karizman ve liderlik yeteneklerin herkesi büyülüyor. 
1,Kendine güvenin ve çekiciliğin büyüleyici. 
0,Kararlılığın ve azmin herkesi etkiliyor. 
1,Samimiyetin ve içtenliğinle herkesin gönül kazanıyorsun. 
0,Kendine has tarzınla herkesi etkiliyorsun. 
1,Güzel gülüşünle insanları etkiliyorsun. 
0,Bakışlarınla insanların gönlünü kazanıyorsun. 
1,Her zaman zarif ve inceliklisin. 
0,Sohbetinle herkesin dikkatini çekiyorsun. 
1,Kendine olan özgüvenin ve zarifliğin çok etkileyici. 
0,Karizmatik tavırlarınla herkesi büyülüyorsun. 
1,Güzel enerjin ve pozitif tavırların çok özel. 
0,Kendine olan inancınla herkesi etkiliyorsun. 
1,Her zaman tatlı ve sevecensin. 
0,Samimiyetin ve içtenliğinle herkesin takdirini kazanıyorsun. 
1,Kendine güveninle herkesi etkiliyorsun. 
0,Esprilerinle herkesi güldürüyorsun. 
1,Sıcakkanlı tavırlarınla herkesi mutlu ediyorsun. 
0,Kendine has tarzınla herkesi büyülüyorsun. 
1,Gözlerinle etrafındaki herkesi büyülüyorsun. 
0,Sohbetinle herkesin gönülünü kazanıyorsun. 
1,Her zaman pozitif enerji saçıyorsun. 
0,Kendine olan özgüvenin ve cesaretin çok özel. 
1,Sıcakkanlılığın ve zarifliğin herkesi etkiliyor. 
0,Bakışlarınla insanların kalbini kazanıyorsun. 
1,Kendine has tarzın ve güzelliğin çok etkileyici. 
0,Güçlü karakterinle herkesi etkiliyorsun. 
1,Samimiyetin ve içtenliğinle herkesin gönül kazanıyorsun. 
0,Karizman ve liderlik yeteneklerin herkesi büyülüyor. 
1,Kendine güvenin ve çekiciliğin büyüleyici. 
0,Kararlılığın ve azmin herkesi etkiliyor. 
1,Samimiyetin ve içtenliğinle herkesin gönül kazanıyorsun. 
0,Kendine has tarzınla herkesi etkiliyorsun. 
1,Güzel gülüşünle insanları etkiliyorsun. 
0,Bakışlarınla insanların gönlünü kazanıyorsun. 
1,Her zaman zarif ve inceliklisin. 
0,Sohbetinle herkesin dikkatini çekiyorsun. 
1,Kendine olan özgüvenin ve zarifliğin çok etkileyici. 
0,Karizmatik tavırlarınla herkesi büyülüyorsun. 
1,Güzel enerjin ve pozitif tavırların çok özel. 
0,Kendine olan inancınla herkesi etkiliyorsun. 
1,Her zaman tatlı ve sevecensin. 
0,Samimiyetin ve içtenliğinle herkesin takdirini kazanıyorsun. 
1,Kendine güveninle herkesi etkiliyorsun. 
0,Kendine olan özgüvenin ve cesaretin çok etkileyici. 
1,Bakışlarınla etrafındaki herkesi büyülüyorsun. 
0,Her zaman tatlı ve sevecensin. 
1,Sıcakkanlı tavırlarınla herkesi mutlu ediyorsun. 
0,Kendine has tarzın ve güzelliğin çok özel. 
1,Gözlerinle etrafındaki herkesi büyülüyorsun. 
0,Samimiyetin ve içtenliğinle herkesin takdirini kazanıyorsun. 
1,Kendine güveninle herkesi etkiliyorsun. 
0,Esprilerinle herkesi güldürüyorsun. 
1,Güzel enerjin ve pozitif tavırların herkesi etkiliyor. 
0,Kendine olan inancın ve neşen çok etkileyici. 
1,Sıcakkanlı tavırlarınla insanları etkiliyorsun. 
0,Karizman ve liderlik yeteneklerin herkesi büyülüyor. 
1,İçtenlik ve samimiyetinle herkesin takdirini kazanıyorsun. 
0,Güçlü karakterin ve kararlılığın herkesi etkiliyor. 
1,Kendine güvenin ve pozitif enerjin çok etkileyici. 
0,Her zaman iyimser ve pozitif birisin. 
1,Güzel enerjinle herkesi etkiliyorsun. 
0,Kendine güvenin ve cesaretin çok etkileyici. 
1,Samimiyetin ve içtenliğinle insanların kalbini kazanıyorsun. 
0,Kendine has tarzınla herkesi etkiliyorsun. 
1,Güzel gülüşünle insanları büyülüyorsun. 
0,Bakışlarınla insanların gönlünü kazanıyorsun. 
1,Her zaman zarif ve inceliklisin. 
0,Sohbetinle herkesin dikkatini çekiyorsun. 
1,Kendine olan özgüvenin ve zarifliğin çok etkileyici. 
0,Karizmatik tavırlarınla herkesi büyülüyorsun. 
1,Güzel enerjin ve pozitif tavırların çok özel. 
0,Kendine olan inancınla herkesi etkiliyorsun. 
1,Her zaman tatlı ve sevecensin. 
0,Samimiyetin ve içtenliğinle herkesin takdirini kazanıyorsun. 
1,Kendine güveninle herkesi etkiliyorsun. 
0,Esprilerinle herkesi güldürüyorsun. 
1,Sıcakkanlı tavırlarınla herkesi mutlu ediyorsun. 
0,Kendine has tarzınla herkesi büyülüyorsun. 
1,Gözlerinle etrafındaki herkesi büyülüyorsun. 
0,Samimiyetinle herkesin gönülünü kazanıyorsun. 
1,Her zaman pozitif enerji saçıyorsun. 
0,Kendine olan özgüvenin ve cesaretin çok özel. 
1,Sıcakkanlılığın ve zarifliğin herkesi etkiliyor. 
0,Bakışlarınla insanların kalbini kazanıyorsun. 
1,Kendine has tarzın ve güzelliğin çok etkileyici. 
0,Güçlü karakterinle herkesi etkiliyorsun. 
1,Samimiyetin ve içtenliğinle herkesin gönül kazanıyorsun. 
0,Karizman ve liderlik yeteneklerin herkesi büyülüyor. 
1,Kendine güvenin ve çekiciliğin büyüleyici. 
0,Kararlılığın ve azmin herkesi etkiliyor. 
1,Samimiyetin ve içtenliğinle herkesin gönül kazanıyorsun. 
0,Kendine has tarzınla herkesi etkiliyorsun. 
1,Güzel gülüşünle insanları etkiliyorsun. 
0,Bakışlarınla insanların gönlünü kazanıyorsun. 
1,Her zaman zarif ve inceliklisin. 
0,Sohbetinle herkesin dikkatini çekiyorsun. 
1,Kendine olan özgüvenin ve zarifliğin çok etkileyici. 
0,Karizmatik tavırlarınla herkesi büyülüyorsun. 
1,Güzel enerjin ve pozitif tavırların çok özel. 
0,Kendine olan inancınla herkesi etkiliyorsun. 
1,Her zaman tatlı ve sevecensin. 
0,Samimiyetin ve içtenliğinle herkesin takdirini kazanıyorsun. 
1,Kendine güveninle herkesi etkiliyorsun. 
0,Esprilerinle herkesi güldürüyorsun. 
1,Sıcakkanlı tavırlarınla herkesi mutlu ediyorsun. 
0,Kendine has tarzınla herkesi büyülüyorsun. 
1,Gözlerinle etrafındaki herkesi büyülüyorsun. 
0,Sohbetinle herkesin gönülünü kazanıyorsun. 
1,Her zaman pozitif enerji saçıyorsun. 
0,Kendine olan özgüvenin ve cesaretin çok özel. 
1,Sıcakkanlılığın ve zarifliğin herkesi etkiliyor. 
0,Bakışlarınla insanların kalbini kazanıyorsun. 
1,Kendine has tarzın ve güzelliğin çok etkileyici. 
0,Güçlü karakterinle herkesi etkiliyorsun. 
1,Samimiyetin ve içtenliğinle herkesin gönül kazanıyorsun. 
0,Karizman ve liderlik yeteneklerin herkesi büyülüyor. 
1,Kendine güvenin ve çekiciliğin büyüleyici. 
0,Kararlılığın ve azmin herkesi etkiliyor. 
1,Samimiyetin ve içtenliğinle herkesin gönül kazanıyorsun. 
0,Kendine has tarzınla herkesi etkiliyorsun. 
1,Güzel gülüşünle insanları etkiliyorsun. 
0,Bakışlarınla insanların gönlünü kazanıyorsun. 
1,Her zaman zarif ve inceliklisin. 
0,Sohbetinle herkesin dikkatini çekiyorsun. 
1,Kendine olan özgüvenin ve zarifliğin çok etkileyici. 
0,Karizmatik tavırlarınla herkesi büyülüyorsun. 
1,Güzel enerjin ve pozitif tavırların çok özel. 
0,Kendine olan inancınla herkesi etkiliyorsun. 
1,Her zaman tatlı ve sevecensin. 
0,Samimiyetin ve içtenliğinle herkesin takdirini kazanıyorsun. 
1,Kendine güveninle herkesi etkiliyorsun. 
0,Esprilerinle herkesi güldürüyorsun. 
1,Sıcakkanlı tavırlarınla herkesi mutlu ediyorsun. 
0,Kendine has tarzınla herkesi büyülüyorsun. 
1,Gözlerinle etrafındaki herkesi büyülüyorsun. 
0,Sohbetinle herkesin gönülünü kazanıyorsun. 
1,Her zaman pozitif enerji saçıyorsun. 
0,Kendine olan özgüvenin ve cesaretin çok özel. 
1,Sıcakkanlılığın ve zarifliğin herkesi etkiliyor. 
0,Bakışlarınla insanların kalbini kazanıyorsun. 
1,Kendine has tarzın ve güzelliğin çok etkileyici. 
0,Güçlü karakterinle herkesi etkiliyorsun. 
1,Samimiyetin ve içtenliğinle herkesin gönül kazanıyorsun. 
0,Karizman ve liderlik yeteneklerin herkesi büyülüyor. 
1,Kendine güvenin ve çekiciliğin büyüleyici. 
0,Kararlılığın ve azmin herkesi etkiliyor. 
1,Samimiyetin ve içtenliğinle herkesin gönül kazanıyorsun. 
0,Kendine has tarzınla herkesi etkiliyorsun. 
1,Güzel gülüşünle insanları etkiliyorsun. 
0,Bakışlarınla insanların gönlünü kazanıyorsun. 
1,Her zaman zarif ve inceliklisin. 
0,Sohbetinle herkesin dikkatini çekiyorsun. 
1,Kendine olan özgüvenin ve zarifliğin çok etkileyici. 
0,Karizmatik tavırlarınla herkesi büyülüyorsun. 
1,Güzel enerjin ve pozitif tavırların çok özel. 
0,Kendine olan inancınla herkesi etkiliyorsun. 
1,Her zaman tatlı ve sevecensin. 
0,Samimiyetin ve içtenliğinle herkesin takdirini kazanıyorsun. 
1,Kendine güveninle herkesi etkiliyorsun. 
0,Esprilerinle herkesi güldürüyorsun. 
1,Sıcakkanlı tavırlarınla herkesi mutlu ediyorsun. 
0,Kendine has tarzınla herkesi büyülüyorsun. 
1,Gözlerinle etrafındaki herkesi büyülüyorsun. 
0,Sohbetinle herkesin gönülünü kazanıyorsun. 
1,Her zaman pozitif enerji saçıyorsun. 
0,Kendine olan özgüvenin ve cesaretin çok özel. 
1,Sıcakkanlılığın ve zarifliğin herkesi etkiliyor. 
0,Bakışlarınla insanların kalbini kazanıyorsun. 
1,Kendine has tarzın ve güzelliğin çok etkileyici. 
0,Güçlü karakterinle herkesi etkiliyorsun. 
1,Samimiyetin ve içtenliğinle herkesin gönül kazanıyorsun. 
0,Karizman ve liderlik yeteneklerin herkesi büyülüyor. 
1,Kendine güvenin ve çekiciliğin büyüleyici. 
0,Kararlılığın ve azmin herkesi etkiliyor. 
1,Samimiyetin ve içtenliğinle herkesin gönül kazanıyorsun. 
0,Kendine has tarzınla herkesi etkiliyorsun. 
1,Güzel gülüşünle insanları etkiliyorsun. 
0,Bakışlarınla insanların gönlünü kazanıyorsun. 
1,Her zaman zarif ve inceliklisin. 
0,Sohbetinle herkesin dikkatini çekiyorsun. 
1,Kendine olan özgüvenin ve zarifliğin çok etkileyici. 
0,Karizmatik tavırlarınla herkesi büyülüyorsun. 
1,Güzel enerjin ve pozitif tavırların çok özel. 
0,Kendine olan inancınla herkesi etkiliyorsun. 
1,Her zaman tatlı ve sevecensin. 
0,Samimiyetin ve içtenliğinle herkesin takdirini kazanıyorsun. 
1,Kendine güveninle herkesi etkiliyorsun. 
0,Esprilerinle herkesi güldürüyorsun. 
1,Sıcakkanlı tavırlarınla herkesi mutlu ediyorsun. 
0,Kendine has tarzınla herkesi büyülüyorsun. 
1,Gözlerinle etrafındaki herkesi büyülüyorsun. 
0,Sohbetinle herkesin gönülünü kazanıyorsun. 
1,Her zaman pozitif enerji saçıyorsun. 
0,Kendine olan özgüvenin ve cesaretin çok özel. 
1,Sıcakkanlılığın ve zarifliğin herkesi etkiliyor. 
0,Bakışlarınla insanların kalbini kazanıyorsun. 
1,Kendine has tarzın ve güzelliğin çok etkileyici. 
0,Güçlü karakterinle herkesi etkiliyorsun. 
1,Samimiyetin ve içtenliğinle herkesin gönül kazanıyorsun. 
0,Karizman ve liderlik yeteneklerin herkesi büyülüyor. 
1,Kendine güvenin ve çekiciliğin büyüleyici. 
0,Kararlılığın ve azmin herkesi etkiliyor. 
1,Samimiyetin ve içtenliğinle herkesin gönül kazanıyorsun. 
0,Kendine has tarzınla herkesi etkiliyorsun. 
1,Güzel gülüşünle insanları etkiliyorsun. 
0,Bakışlarınla insanların gönlünü kazanıyorsun. 
1,Her zaman zarif ve inceliklisin. 
0,Sohbetinle herkesin dikkatini çekiyorsun. 
1,Kendine olan özgüvenin ve zarifliğin çok etkileyici. 
0,Karizmatik tavırlarınla herkesi büyülüyorsun. 
1,Güzel enerjin ve pozitif tavırların çok özel. 
0,Kendine olan inancınla herkesi etkiliyorsun. 
1,Her zaman tatlı ve sevecensin. 
0,Samimiyetin ve içtenliğinle herkesin takdirini kazanıyorsun. 
1,Kendine güveninle herkesi etkiliyorsun. 
0,Esprilerinle herkesi güldürüyorsun. 
1,Sıcakkanlı tavırlarınla herkesi mutlu ediyorsun. 
0,Kendine has tarzınla herkesi büyülüyorsun. 
1,Gözlerinle etrafındaki herkesi büyülüyorsun. 
0,Sohbetinle herkesin gönülünü kazanıyorsun. 
1,Her zaman pozitif enerji saçıyorsun. 
0,Kendine olan özgüvenin ve cesaretin çok özel. 
1,Sıcakkanlılığın ve zarifliğin herkesi etkiliyor. 
0,Bakışlarınla insanların kalbini kazanıyorsun. 
1,Kendine has tarzın ve güzelliğin çok etkileyici. 
0,Güçlü karakterinle herkesi etkiliyorsun. 
1,Samimiyetin ve içtenliğinle herkesin gönül kazanıyorsun. 
0,Karizman ve liderlik yeteneklerin herkesi büyülüyor. 
1,Kendine güvenin ve çekiciliğin büyüleyici. 
0,Kararlılığın ve azmin herkesi etkiliyor. 
1,Samimiyetin ve içtenliğinle herkesin gönül kazanıyorsun. 
0,Kendine has tarzınla herkesi etkiliyorsun. 
1,Güzel gülüşünle insanları etkiliyorsun. 
0,Bakışlarınla insanların gönlünü kazanıyorsun. 
1,Her zaman zarif ve inceliklisin. 
0,Sohbetinle herkesin dikkatini çekiyorsun. 
1,Kendine olan özgüvenin ve zarifliğin çok etkileyici. 
0,Karizmatik tavırlarınla herkesi büyülüyorsun. 
1,Güzel enerjin ve pozitif tavırların çok özel. 
0,Kendine olan inancınla herkesi etkiliyorsun. 
1,Her zaman tatlı ve sevecensin. 
0,Samimiyetin ve içtenliğinle herkesin takdirini kazanıyorsun. 
1,Kendine güveninle herkesi etkiliyorsun. 
0,Esprilerinle herkesi güldürüyorsun. 
1,Sıcakkanlı tavırlarınla herkesi mutlu ediyorsun. 
0,Kendine has tarzınla herkesi büyülüyorsun. 
1,Gözlerinle etrafındaki herkesi büyülüyorsun. 
0,Sohbetinle herkesin gönülünü kazanıyorsun. 
1,Her zaman pozitif enerji saçıyorsun. 
0,Kendine olan özgüvenin ve cesaretin çok özel. 
1,Sıcakkanlılığın ve zarifliğin herkesi etkiliyor. 
0,Bakışlarınla insanların kalbini kazanıyorsun. 
1,Kendine has tarzın ve güzelliğin çok etkileyici. 
0,Güçlü karakterinle herkesi etkiliyorsun. 
1,Samimiyetin ve içtenliğinle herkesin gönül kazanıyorsun. 
0,Karizman ve liderlik yeteneklerin herkesi büyülüyor. 
1,Kendine güvenin ve çekiciliğin büyüleyici. 
0,Kararlılığın ve azmin herkesi etkiliyor. 
1,Samimiyetin ve içtenliğinle herkesin gönül kazanıyorsun. 
0,Kendine has tarzınla herkesi etkiliyorsun. 
1,Güzel gülüşünle insanları etkiliyorsun. 
0,Bakışlarınla insanların gönlünü kazanıyorsun. 
1,Her zaman zarif ve inceliklisin. 
0,Sohbetinle herkesin dikkatini çekiyorsun. 
1,Kendine olan özgüvenin ve zarifliğin çok etkileyici. 
0,Karizmatik tavırlarınla herkesi büyülüyorsun. 
1,Güzel enerjin ve pozitif tavırların çok özel. 
0,Kendine olan inancınla herkesi etkiliyorsun. 
1,Her zaman tatlı ve sevecensin. 
0,Samimiyetin ve içtenliğinle herkesin takdirini kazanıyorsun. 
1,Kendine güveninle herkesi etkiliyorsun. 
0,Esprilerinle herkesi güldürüyorsun. 
1,Sıcakkanlı tavırlarınla herkesi mutlu ediyorsun. 
0,Kendine has tarzınla herkesi büyülüyorsun. 
1,Gözlerinle etrafındaki herkesi büyülüyorsun. 
0,Sohbetinle herkesin gönülünü kazanıyorsun. 
1,Her zaman pozitif enerji saçıyorsun. 
0,Kendine olan özgüvenin ve cesaretin çok özel. 
1,Sıcakkanlılığın ve zarifliğin herkesi etkiliyor. 
0,Bakışlarınla insanların kalbini kazanıyorsun. 
1,Kendine has tarzın ve güzelliğin çok etkileyici. 
0,Güçlü karakterinle herkesi etkiliyorsun. 
1,Samimiyetin ve içtenliğinle herkesin gönül kazanıyorsun. 
0,Karizman ve liderlik yeteneklerin herkesi büyülüyor. 
1,Kendine güvenin ve çekiciliğin büyüleyici. 
0,Kararlılığın ve azmin herkesi etkiliyor. 
1,Samimiyetin ve içtenliğinle herkesin gönül kazanıyorsun. 
0,Kendine has tarzınla herkesi etkiliyorsun. 
1,Güzel gülüşünle insanları etkiliyorsun. 
0,Bakışlarınla insanların gönlünü kazanıyorsun. 
1,Her zaman zarif ve inceliklisin. 
0,Sohbetinle herkesin dikkatini çekiyorsun. 
1,Kendine olan özgüvenin ve zarifliğin çok etkileyici. 
0,Karizmatik tavırlarınla herkesi büyülüyorsun. 
1,Güzel enerjin ve pozitif tavırların çok özel. 
0,Kendine olan inancınla herkesi etkiliyorsun. 
1,Her zaman tatlı ve sevecensin. 
0,Samimiyetin ve içtenliğinle herkesin takdirini kazanıyorsun. 
1,Kendine güveninle herkesi etkiliyorsun. 
0,Esprilerinle herkesi güldürüyorsun. 
1,Sıcakkanlı tavırlarınla herkesi mutlu ediyorsun. 
0,Kendine has tarzınla herkesi büyülüyorsun. 
1,Gözlerinle etrafındaki herkesi büyülüyorsun. 
0,Sohbetinle herkesin gönülünü kazanıyorsun. 
1,Her zaman pozitif enerji saçıyorsun. 
0,Kendine olan özgüvenin ve cesaretin çok özel. 
1,Sıcakkanlılığın ve zarifliğin herkesi etkiliyor. 
0,Bakışlarınla insanların kalbini kazanıyorsun. 
1,Kendine has tarzın ve güzelliğin çok etkileyici. 
0,Güçlü karakterinle herkesi etkiliyorsun. 
1,Samimiyetin ve içtenliğinle herkesin gönül kazanıyorsun. 
0,Karizman ve liderlik yeteneklerin herkesi büyülüyor. 
1,Kendine güvenin ve çekiciliğin büyüleyici. 
0,Kararlılığın ve azmin herkesi etkiliyor. 
1,Samimiyetin ve içtenliğinle herkesin gönül kazanıyorsun. 
0,Kendine has tarzınla herkesi etkiliyorsun. 
1,Güzel gülüşünle insanları etkiliyorsun. 
0,Bakışlarınla insanların gönlünü kazanıyorsun. 
1,Her zaman zarif ve inceliklisin. 
0,Sohbetinle herkesin dikkatini çekiyorsun. 
1,Kendine olan özgüvenin ve zarifliğin çok etkileyici. 
0,Karizmatik tavırlarınla herkesi büyülüyorsun. 
1,Güzel enerjin ve pozitif tavırların çok özel. 
0,Kendine olan inancınla herkesi etkiliyorsun. 
1,Her zaman tatlı ve sevecensin. 
0,Samimiyetin ve içtenliğinle herkesin takdirini kazanıyorsun. 
1,Kendine güveninle herkesi etkiliyorsun. 
0,Esprilerinle herkesi güldürüyorsun. 
1,Sıcakkanlı tavırlarınla herkesi mutlu ediyorsun. 
0,Kendine has tarzınla herkesi büyülüyorsun. 
1,Gözlerinle etrafındaki herkesi büyülüyorsun. 
0,Sohbetinle herkesin gönülünü kazanıyorsun. 
1,Her zaman pozitif enerji saçıyorsun. 
0,Kendine olan özgüvenin ve cesaretin çok özel. 
1,Sıcakkanlılığın ve zarifliğin herkesi etkiliyor. 
0,Bakışlarınla insanların kalbini kazanıyorsun. 
1,Kendine has tarzın ve güzelliğin çok etkileyici. 
0,Güçlü karakterinle herkesi etkiliyorsun. 
1,Samimiyetin ve içtenliğinle herkesin gönül kazanıyorsun. 
0,Karizman ve liderlik yeteneklerin herkesi büyülüyor. 
1,Kendine güvenin ve çekiciliğin büyüleyici. 
0,Kararlılığın ve azmin herkesi etkiliyor. 
1,Samimiyetin ve içtenliğinle herkesin gönül kazanıyorsun. 
0,Kendine has tarzınla herkesi etkiliyorsun. 
1,Güzel gülüşünle insanları etkiliyorsun. 
0,Bakışlarınla insanların gönlünü kazanıyorsun. 
1,Her zaman zarif ve inceliklisin. 
0,Sohbetinle herkesin dikkatini çekiyorsun. 
1,Kendine olan özgüvenin ve zarifliğin çok etkileyici. 
0,Karizmatik tavırlarınla herkesi büyülüyorsun. 
1,Güzel enerjin ve pozitif tavırların çok özel. 
0,Kendine olan inancınla herkesi etkiliyorsun. 
1,Her zaman tatlı ve sevecensin. 
0,Samimiyetin ve içtenliğinle herkesin takdirini kazanıyorsun. 
1,Kendine güveninle herkesi etkiliyorsun. 
0,Esprilerinle herkesi güldürüyorsun. 
1,Sıcakkanlı tavırlarınla herkesi mutlu ediyorsun. 
0,Kendine has tarzınla herkesi büyülüyorsun. 
1,Gözlerinle etrafındaki herkesi büyülüyorsun. 
0,Sohbetinle herkesin gönülünü kazanıyorsun. 
1,Her zaman pozitif enerji saçıyorsun. 
0,Kendine olan özgüvenin ve cesaretin çok özel. 
1,Sıcakkanlılığın ve zarifliğin herkesi etkiliyor. 
0,Bakışlarınla insanların kalbini kazanıyorsun. 
1,Kendine has tarzın ve güzelliğin çok etkileyici. 
0,Güçlü karakterinle herkesi etkiliyorsun. 
1,Samimiyetin ve içtenliğinle herkesin gönül kazanıyorsun. 
0,Karizman ve liderlik yeteneklerin herkesi büyülüyor. 
1,Kendine güvenin ve çekiciliğin büyüleyici. 
0,Kararlılığın ve azmin herkesi etkiliyor. 
1,Samimiyetin ve içtenliğinle herkesin gönül kazanıyorsun. 
0,Kendine has tarzınla herkesi etkiliyorsun. 
1,Güzel gülüşünle insanları etkiliyorsun. 
0,Bakışlarınla insanların gönlünü kazanıyorsun. 
1,Her zaman zarif ve inceliklisin. 
0,Sohbetinle herkesin dikkatini çekiyorsun. 
1,Kendine olan özgüvenin ve zarifliğin çok etkileyici. 
0,Karizmatik tavırlarınla herkesi büyülüyorsun. 
1,Güzel enerjin ve pozitif tavırların çok özel. 
0,Kendine olan inancınla herkesi etkiliyorsun. 
1,Her zaman tatlı ve sevecensin. 
0,Samimiyetin ve içtenliğinle herkesin takdirini kazanıyorsun. 
1,Kendine güveninle herkesi etkiliyorsun. 
0,Esprilerinle herkesi güldürüyorsun. 
1,Sıcakkanlı tavırlarınla herkesi mutlu ediyorsun. 
0,Kendine has tarzınla herkesi büyülüyorsun. 
1,Gözlerinle etrafındaki herkesi büyülüyorsun. 
0,Sohbetinle herkesin gönülünü kazanıyorsun. 
1,Her zaman pozitif enerji saçıyorsun. 
0,Kendine olan özgüvenin ve cesaretin çok özel. 
1,Sıcakkanlılığın ve zarifliğin herkesi etkiliyor. 
0,Bakışlarınla insanların kalbini kazanıyorsun. 
1,Kendine has tarzın ve güzelliğin çok etkileyici. 
0,Güçlü karakterinle herkesi etkiliyorsun. 
1,Samimiyetin ve içtenliğinle herkesin gönül kazanıyorsun. 
0,Karizman ve liderlik yeteneklerin herkesi büyülüyor. 
1,Kendine güvenin ve çekiciliğin büyüleyici. 
0,Kararlılığın ve azmin herkesi etkiliyor. 
1,Samimiyetin ve içtenliğinle herkesin gönül kazanıyorsun. 
0,Kendine has tarzınla herkesi etkiliyorsun. 
1,Güzel gülüşünle insanları etkiliyorsun. 
0,Bakışlarınla insanların gönlünü kazanıyorsun. 
1,Her zaman zarif ve inceliklisin. 
0,Sohbetinle herkesin dikkatini çekiyorsun. 
1,Kendine olan özgüvenin ve zarifliğin çok etkileyici. 
0,Karizmatik tavırlarınla herkesi büyülüyorsun. 
1,Güzel enerjin ve pozitif tavırların çok özel. 
0,Kendine olan inancınla herkesi etkiliyorsun. 
1,Her zaman tatlı ve sevecensin. 
0,Samimiyetin ve içtenliğinle herkesin takdirini kazanıyorsun. 
1,Kendine güveninle herkesi etkiliyorsun. 
0,Esprilerinle herkesi güldürüyorsun. 
1,Sıcakkanlı tavırlarınla herkesi mutlu ediyorsun. 
0,Kendine has tarzınla herkesi büyülüyorsun. 
1,Gözlerinle etrafındaki herkesi büyülüyorsun. 
0,Sohbetinle herkesin gönülünü kazanıyorsun. 
1,Her zaman pozitif enerji saçıyorsun. 
0,Kendine olan özgüvenin ve cesaretin çok özel. 
1,Sıcakkanlılığın ve zarifliğin herkesi etkiliyor. 
0,Bakışlarınla insanların kalbini kazanıyorsun. 
1,Kendine has tarzın ve güzelliğin çok etkileyici. 
0,Güçlü karakterinle herkesi etkiliyorsun. 
1,Samimiyetin ve içtenliğinle herkesin gönül kazanıyorsun. 
0,Karizman ve liderlik yeteneklerin herkesi büyülüyor. 
1,Kendine güvenin ve çekiciliğin büyüleyici. 
0,Kararlılığın ve azmin herkesi etkiliyor. 
1,Samimiyetin ve içtenliğinle herkesin gönül kazanıyorsun. 
0,Kendine has tarzınla herkesi etkiliyorsun. 
1,Güzel gülüşünle insanları etkiliyorsun. 
0,Bakışlarınla insanların gönlünü kazanıyorsun. 
1,Her zaman zarif ve inceliklisin. 
0,Sohbetinle herkesin dikkatini çekiyorsun. 
1,Kendine olan özgüvenin ve zarifliğin çok etkileyici. 
0,Karizmatik tavırlarınla herkesi büyülüyorsun. 
1,Güzel enerjin ve pozitif tavırların çok özel. 
0,Kendine olan inancınla herkesi etkiliyorsun. 
1,Her zaman tatlı ve sevecensin. 
0,Samimiyetin ve içtenliğinle herkesin takdirini kazanıyorsun. 
1,Kendine güveninle herkesi etkiliyorsun. 
0,Esprilerinle herkesi güldürüyorsun. 
1,Sıcakkanlı tavırlarınla herkesi mutlu ediyorsun. 
0,Kendine has tarzınla herkesi büyülüyorsun. 
1,Gözlerinle etrafındaki herkesi büyülüyorsun. 
0,Sohbetinle herkesin gönülünü kazanıyorsun. 
1,Her zaman pozitif enerji saçıyorsun. 
0,Kendine olan özgüvenin ve cesaretin çok özel. 
1,Sıcakkanlılığın ve zarifliğin herkesi etkiliyor. 
0,Bakışlarınla insanların kalbini kazanıyorsun. 
1,Kendine has tarzın ve güzelliğin çok etkileyici. 
0,Güçlü karakterinle herkesi etkiliyorsun. 
1,Samimiyetin ve içtenliğinle herkesin gönül kazanıyorsun. 
0,Karizman ve liderlik yeteneklerin herkesi büyülüyor. 
1,Kendine güvenin ve çekiciliğin büyüleyici. 
0,Kararlılığın ve azmin herkesi etkiliyor. 
1,Samimiyetin ve içtenliğinle herkesin gönül kazanıyorsun. 
0,Kendine has tarzınla herkesi etkiliyorsun. 
1,Güzel gülüşünle insanları etkiliyorsun. 
0,Bakışlarınla insanların gönlünü kazanıyorsun. 
1,Her zaman zarif ve inceliklisin. 
0,Sohbetinle herkesin dikkatini çekiyorsun. 
1,Kendine olan özgüvenin ve zarifliğin çok etkileyici. 
0,Karizmatik tavırlarınla herkesi büyülüyorsun. 
1,Güzel enerjin ve pozitif tavırların çok özel. 
0,Kendine olan inancınla herkesi etkiliyorsun. 
1,Her zaman tatlı ve sevecensin. 
0,Samimiyetin ve içtenliğinle herkesin takdirini kazanıyorsun. 
1,Kendine güveninle herkesi etkiliyorsun. 
0,Esprilerinle herkesi güldürüyorsun. 
1,Sıcakkanlı tavırlarınla herkesi mutlu ediyorsun. 
0,Kendine has tarzınla herkesi büyülüyorsun. 
1,Gözlerinle etrafındaki herkesi büyülüyorsun. 
0,Sohbetinle herkesin gönülünü kazanıyorsun. 
1,Her zaman pozitif enerji saçıyorsun. 
0,Kendine olan özgüvenin ve cesaretin çok özel. 
1,Sıcakkanlılığın ve zarifliğin herkesi etkiliyor. 
0,Bakışlarınla insanların kalbini kazanıyorsun. 
1,Kendine has tarzın ve güzelliğin çok etkileyici. 
0,Güçlü karakterinle herkesi etkiliyorsun. 
1,Samimiyetin ve içtenliğinle herkesin gönül kazanıyorsun. 
0,Karizman ve liderlik yeteneklerin herkesi büyülüyor. 
1,Kendine güvenin ve çekiciliğin büyüleyici. 
0,Kararlılığın ve azmin herkesi etkiliyor. 
1,Samimiyetin ve içtenliğinle herkesin gönül kazanıyorsun. 
0,Kendine has tarzınla herkesi etkiliyorsun. 
1,Güzel gülüşünle insanları etkiliyorsun. 
0,Bakışlarınla insanların gönlünü kazanıyorsun. 
1,Her zaman zarif ve inceliklisin. 
0,Sohbetinle herkesin dikkatini çekiyorsun. 
1,Kendine olan özgüvenin ve zarifliğin çok etkileyici. 
0,Karizmatik tavırlarınla herkesi büyülüyorsun. 
1,Güzel enerjin ve pozitif tavırların çok özel. 
0,Kendine olan inancınla herkesi etkiliyorsun. 
1,Her zaman tatlı ve sevecensin. 
0,Samimiyetin ve içtenliğinle herkesin takdirini kazanıyorsun. 
1,Kendine güveninle herkesi etkiliyorsun. 
0,Esprilerinle herkesi güldürüyorsun. 
1,Sıcakkanlı tavırlarınla herkesi mutlu ediyorsun. 
0,Kendine has tarzınla herkesi büyülüyorsun. 
1,Gözlerinle etrafındaki herkesi büyülüyorsun. 
0,Sohbetinle herkesin gönülünü kazanıyorsun. 
1,Her zaman pozitif enerji saçıyorsun. 
0,Kendine olan özgüvenin ve cesaretin çok özel. 
1,Sıcakkanlılığın ve zarifliğin herkesi etkiliyor. 
0,Bakışlarınla insanların kalbini kazanıyorsun. 
1,Kendine has tarzın ve güzelliğin çok etkileyici. 
0,Güçlü karakterinle herkesi etkiliyorsun. 
1,Samimiyetin ve içtenliğinle herkesin gönül kazanıyorsun. 
0,Karizman ve liderlik yeteneklerin herkesi büyülüyor. 
1,Kendine güvenin ve çekiciliğin büyüleyici. 
0,Kararlılığın ve azmin herkesi etkiliyor. 
1,Samimiyetin ve içtenliğinle herkesin gönül kazanıyorsun. 
0,Kendine has tarzınla herkesi etkiliyorsun. 
1,Güzel gülüşünle insanları etkiliyorsun. 
0,Bakışlarınla insanların gönlünü kazanıyorsun. 
1,Her zaman zarif ve inceliklisin. 
0,Sohbetinle herkesin dikkatini çekiyorsun. 
1,Kendine olan özgüvenin ve zarifliğin çok etkileyici. 
0,Karizmatik tavırlarınla herkesi büyülüyorsun. 
1,Güzel enerjin ve pozitif tavırların çok özel. 
0,Kendine olan inancınla herkesi etkiliyorsun. 
1,Her zaman tatlı ve sevecensin. 
0,Samimiyetin ve içtenliğinle herkesin takdirini kazanıyorsun. 
1,Kendine güveninle herkesi etkiliyorsun. 
0,Esprilerinle herkesi güldürüyorsun. 
1,Sıcakkanlı tavırlarınla herkesi mutlu ediyorsun. 
0,Kendine has tarzınla herkesi büyülüyorsun. 
1,Gözlerinle etrafındaki herkesi büyülüyorsun. 
0,Sohbetinle herkesin gönülünü kazanıyorsun. 
1,Her zaman pozitif enerji saçıyorsun. 
0,Kendine olan özgüvenin ve cesaretin çok özel. 
1,Sıcakkanlılığın ve zarifliğin herkesi etkiliyor. 
0,Bakışlarınla insanların kalbini kazanıyorsun. 
1,Kendine has tarzın ve güzelliğin çok etkileyici. 
0,Güçlü karakterinle herkesi etkiliyorsun. 
1,Samimiyetin ve içtenliğinle herkesin gönül kazanıyorsun. 
0,Karizman ve liderlik yeteneklerin herkesi büyülüyor. 
1,Kendine güvenin ve çekiciliğin büyüleyici. 
0,Kararlılığın ve azmin herkesi etkiliyor. 
1,Samimiyetin ve içtenliğinle herkesin gönül kazanıyorsun. 
0,Kendine has tarzınla herkesi etkiliyorsun. 
1,Güzel gülüşünle insanları etkiliyorsun. 
0,Bakışlarınla insanların gönlünü kazanıyorsun. 
1,Her zaman zarif ve inceliklisin. 
